id,real,previsto,justificativa,segundos
14030,legitimo,legitimo,não há sinais de spam ou phishing,25.2
6958,legitimo,legitimo,"o e-mail parece ser uma comunicação interna de trabalho, com informações sobre a localização do remetente e contatos para contato em caso de problemas. Não há sinais de intenção maliciosa ou tentativa de enganar a vítima.",17.5
20554,legitimo,legitimo,"O e-mail parece ser uma comunicação normal de trabalho entre dois funcionários da Enron, Ehud I. Ronn e Vince J. Kaminski. O conteúdo é profissional e não apresenta sinais de intenção maliciosa ou tentativa de enganar a vítima. A linguagem é formal e os detalhes são específicos, sugerindo que se trata de uma comunicação legítima.",37.1
25038,legitimo,legitimo,"O e-mail parece ser uma comunicação legítima de trabalho, com linguagem profissional e uso de termos técnicos. O remetente é conhecido e o conteúdo parece ser relevante para o trabalho da empresa. Não há sinais de intenção maliciosa ou tentativa de enganar a vítima.",22.2
16363,legitimo,legitimo,"A mensagem parece ser legítima, pois é uma comunicação interna de trabalho sobre um negócio específico, sem sinais de intenção maliciosa ou tentativa de engano.",31.1
26701,legitimo,legitimo,"O conteúdo do e-mail parece ser uma comunicação interna de negócios, com referências a preços e documentos de negociação. Não há sinais de intenção maliciosa ou tentativa de enganar a vítima.",14.9
7085,legitimo,legitimo,"O e-mail parece ser uma comunicação interna de trabalho, com linguagem informal e referências a projetos específicos. Não há sinais de intenção maliciosa ou tentativa de enganar a vítima.",14.5
30802,legitimo,phishing,"O e-mail parece ser uma comunicação legítima entre funcionários de empresas reais, mas a data do e-mail e a referência à Enron Corp, que foi envolvida em um escândalo de contabilidade, sugerem que o e-mail pode ser uma tentativa de manipulação ou uma armadilha.",29.6
20969,legitimo,spam,"O e-mail contém um anúncio de propaganda, com oferta de DVDs gratuitos e um link para inscrição em um serviço de streaming. Além disso, o conteúdo do e-mail parece ser uma discussão sobre uma pessoa famosa e suas obras, mas o anúncio de propaganda é o que chama a atenção.",28.4
4342,legitimo,legitimo,"O e-mail parece ser uma comunicação legítima de um blogueiro, Jeremy Zawodny, sobre o estado dos feeds RSS de seu site. Não há sinais de intenção maliciosa ou tentativa de enganar a vítima. Portanto, a classificação é: ",16.3
19141,legitimo,legitimo,"O e-mail parece ser uma discussão técnica sobre a utilização de comandos Unix, específicamente sobre a manipulação de arquivos e links. O tom é informal e o autor parece estar se desculpando por um erro anterior. Não há sinais de intenção maliciosa ou tentativa de enganar a vítima para obter credenciais, dados pessoais ou dinheiro. Além disso, o e-mail parece ser uma discussão legítima entre usuários de um grupo de discussão sobre Linux.",36.5
31404,legitimo,legitimo,"O e-mail parece ser uma discussão interna de negócios entre duas pessoas, Frank e Louise, sobre a reestruturação de um acordo e o pagamento de uma quantia significativa de dinheiro. O tom é profissional e não há sinais de intenção maliciosa ou tentativa de enganar a vítima para obter credenciais ou dados pessoais.",34.7
986,legitimo,legitimo,"O e-mail parece ser uma comunicação legítima relacionada a uma key-signing party, que é um evento para a verificação de identidades e assinaturas digitais. O conteúdo do e-mail é detalhado e parece seguir um padrão de comunicação legítima. Não há sinais de intenção maliciosa ou tentativas de enganar a vítima para obter credenciais, dados pessoais ou dinheiro.",35.5
10728,legitimo,legitimo,comunicação normal de trabalho,12.9
6808,legitimo,legitimo,"O e-mail parece ser uma comunicação interna entre funcionários de uma empresa, e não há sinais de intenção maliciosa ou tentativa de enganar a vítima.",14.2
4517,legitimo,phishing,"A empresa Enron está falida e está tentando enganar os clientes para que eles façam negócios com a empresa, mesmo sabendo que ela está falida. Isso é um sinal de phishing, pois a empresa está tentando enganar os clientes para obter dinheiro.",27.4
28349,legitimo,legitimo,"O e-mail parece ser uma solicitação legítima de um funcionário para tirar um dia de férias, com linguagem formal e sem sinais de intenção maliciosa.",12.1
1106,legitimo,legitimo,"O e-mail parece ser uma comunicação interna de uma empresa (Enron) sobre uma proposta de um inventor (Matthew Patteson). O conteúdo é técnico e parece ser uma análise objetiva da proposta, sem intenção de enganar ou roubar informações. Não há sinais de phishing ou spam.",29.8
21673,legitimo,legitimo,"O e-mail parece ser uma comunicação legítima de trabalho, com um professor compartilando informações sobre um artigo em andamento e solicitando ajuda de um colega. O tom é amigável e profissional, e não há sinais de intenção maliciosa ou tentativa de enganar a vítima.",27.5
9055,legitimo,legitimo,"O e-mail parece ser uma comunicação legítima entre funcionários de empresas, mas há alguns sinais preocupantes. A empresa Enron é conhecida por sua falência em 2001, o que pode indicar que o e-mail é uma tentativa de enganar a vítima para obter informações confidenciais ou credenciais. Além disso, a menção a Greg Piper como Coo (Chief Operating Officer) e a empresa Enron Capital & Trade Resources Corp. pode ser uma tentativa de criar uma aparência de credibilidade. No entanto, não há sinais concretos de phishing ou spam, apenas uma comunicação legítima entre funcionários. Portanto, a classificação é: ",44.9
22338,phishing,phishing,"O e-mail parece ser uma tentativa de phishing, pois: - Exige que o usuário verifique sua conta em um prazo curto (48 horas); - Faz uma ameaça de fechamento da conta se não for verificado; - Contém um URL para verificação, o que pode ser um link malicioso; - A mensagem é genérica e não personalizada, o que é incomum em comunicações legítimas.",31.1
25994,phishing,legitimo,"O e-mail parece ser uma comunicação legítima de uma empresa de transferência de arquivos (WeTransfer), informando que dois arquivos foram enviados para o destinatário. O conteúdo do e-mail é claro e não apresenta sinais de phishing ou spam.",21.0
16486,phishing,phishing,"O e-mail parece ser uma tentativa de phishing, pois solicita que o usuário clique em um botão para verificar sua conta e completa o processo de registro, o que pode ser uma tentativa de obter credenciais do usuário. Além disso, a linguagem usada é agressiva e pressiona o usuário a agir rapidamente, o que é comum em ataques de phishing.",33.2
33095,phishing,phishing,"O e-mail parece ser uma tentativa de phishing, pois está se passando por uma empresa de e-mail e está ameaçando bloquear a conta do usuário se ele não seguir as instruções. Além disso, a mensagem é repetida e não há nenhuma personalização ou detalhe que sugira que a mensagem seja legítima. Portanto, a classificação é: phishing.",22.3
29339,phishing,phishing,"O e-mail parece ser uma tentativa de phishing, pois o remetente está se passando como a Microsoft e está compartilhando supostamente um link para um documento. No entanto, o link parece ser uma tentativa de redirecionar para uma página de armazenamento de arquivos, o que é um sinal de alerta. Além disso, o e-mail contém links para a página de privacidade da Microsoft, o que pode ser uma tentativa de criar uma aparência de credibilidade. Portanto, a classificação é phishing.",33.3
18948,phishing,phishing,"A mensagem parece ser uma tentativa de engano, pois não há uma fonte confiável que tenha enviado a mensagem e a URL encurtada pode ser um link malicioso.",27.1
18490,phishing,phishing,"O e-mail parece ser uma tentativa de phishing, pois tenta enganar a vítima para obter credenciais, dados pessoais ou dinheiro, se passando por uma empresa confiável e com urgência.",29.3
8675,phishing,phishing,"O e-mail parece ser uma tentativa de enganar o usuário para que baixe um arquivo anexado, o que é um comportamento típico de phishing. Além disso, a mensagem é genérica e não específica, o que é comum em ataques de phishing.",18.6
15446,phishing,phishing,"A mensagem parece ser uma tentativa de phishing, pois: - O remetente se passa como a DHL, mas o link pode ser falso e tentar roubar informações de login ou credenciais. - O pedido de pagamento é urgente e pode ser uma tentativa de enganar o destinatário. - A mensagem contém um link suspeito e um número de telefone que pode ser falso.",21.5
12063,phishing,phishing,"O e-mail tenta enganar a vítima para obter credenciais, dados pessoais ou dinheiro, se passando por uma empresa confiável (Natwest) com urgência e ameaça.",32.8
29135,phishing,phishing,"O e-mail parece ser uma tentativa de enganar o usuário para que ele clique em um link suspeito, o que é um sinal típico de phishing. Além disso, a falta de personalização e a urgência criada podem ser usadas para pressionar o usuário a agir sem pensar.",18.4
299,phishing,phishing,"O e-mail parece ser uma tentativa de enganar a vítima para obter credenciais ou atualizar informações, pois não há nenhuma informação confiável sobre a expiração da conta ou a necessidade de atualização. Além disso, o conteúdo é repetido e parece ser uma tentativa de criar pressão para que a vítima aja rapidamente.",24.6
33570,phishing,phishing,"O e-mail parece ser uma tentativa de enganar o destinatário para obter credenciais ou dados pessoais, pois apresenta uma situação falsa (a caixa de correio está quase cheia) e oferece um upgrade gratuito para evitar problemas, o que é uma tática comum em ataques de phishing.",34.2
29635,phishing,phishing,"O e-mail tenta enganar a vítima para obter credenciais, dados pessoais ou dinheiro, se passando por uma instituição financeira confiável, com urgência e ameaça.",25.2
26885,phishing,phishing,"O e-mail contém links suspeitos que podem levar a sites maliciosos. Além disso, a linguagem é um pouco estranha e não é claro quem enviou o e-mail. Portanto, classifico como phishing.",24.4
27346,phishing,phishing,"O e-mail parece ser uma tentativa de enganar a vítima para obter credenciais ou dados, pois: - Exige que a vítima clique em um link para baixar emails pendentes, o que pode ser uma tentativa de roubo de credenciais. - Ameaça a perda de dados se a vítima não agir imediatamente. - É auto-generado e não permite resposta. - Usa linguagem de urgência e ameaça para pressionar a vítima a agir sem pensar.",29.8
29009,phishing,phishing,"O e-mail parece ser uma tentativa de enganar a vítima para obter credenciais, pois solicita que ela baixe um arquivo e faça login nele para verificar sua conta. Isso é um sinal de phishing.",18.0
21242,phishing,phishing,"não há informações confiáveis sobre a empresa ou a conta do usuário, e o conteúdo parece ser uma tentativa de enganar a vítima para obter credenciais ou dados financeiros.",17.2
14245,phishing,phishing,"O e-mail contém um link para visualizar algo, o que pode ser uma tentativa de redirecionar a vítima para um site malicioso. Além disso, a expressão 'aguarde a resposta mais rápida possível' pode ser uma tentativa de criar um senso de urgência para que a vítima não tenha tempo de verificar a autenticidade do e-mail.",19.9
11608,phishing,phishing,"O e-mail parece ser um ataque de phishing, pois tenta enganar a vítima para obter credenciais ou informações confidenciais, se passando por uma empresa confiável (PayPal) e usando uma linguagem ameaçadora.",16.8
5254,spam,spam,"A mensagem é uma oferta de medicamento sem prescrição médica, com linguagem sensacionalista e atraente, o que é característico de spam.",15.8
12323,spam,spam,"O conteúdo do e-mail parece ser uma oferta de produtos ou serviços de uma empresa chamada Pilothouse Pharmonline Sho, com afirmações exageradas e sem contexto. A linguagem utilizada é excessivamente comercial e não há indicação de que o remetente tenha uma relação prévia com o destinatário. Portanto, classifico este e-mail como spam.",20.6
25467,spam,phishing,"O e-mail parece ser uma propaganda de investimento em ações de uma empresa chamada Yasheng Group (YHGG), com informações sobre o desempenho financeiro da empresa e incentivo para investir. O conteúdo inclui alertas sobre riscos de perda de dinheiro e recomendações para buscar conselho de um profissional de segurança de investimentos antes de tomar decisões de investimento. O estilo de linguagem é persuasivo e tenta convencer o leitor a investir na empresa.",67.1
16913,spam,spam,"O e-mail contém uma oferta de produtos falsificados, com linguagem excessivamente entusiasmada e promissória, o que é característico de spam.",16.4
19371,spam,spam,"O e-mail é uma publicidade para um produto chamado 'The New Taber's Cyclopedic Medical Dictionary - 20th Edition!' e inclui informações sobre as características do produto e como baixá-lo. Além disso, o e-mail inclui um link para o site da empresa e informações de contato para perguntas ou para obter descontos para grupos ou instituições. O tom do e-mail é comercial e não há sinais de tentativa de engano ou roubo de dados.",38.9
944,spam,phishing,"O e-mail parece ser uma tentativa de phishing, pois tenta enganar a vítima para obter credenciais ou dinheiro. O conteúdo é suspeito e inclui instruções urgentes para entrar em contato com um agente de reivindicação, o que é um sinal de alerta para uma possível fraude.",54.1
31559,spam,spam,"o e-mail contém um assunto que sugere conteúdo sexual e linguagem incomum, o que é característico de spam.",12.6
22188,spam,spam,não há indicação de que o e-mail seja enviado por uma empresa ou pessoa confiável,17.0
21214,spam,spam,sem intenção de enganar a vítima para roubar dados,9.7
28279,spam,spam,spam,15.5
8245,spam,spam,"O e-mail contém um assunto suspeito e um conteúdo que parece ser uma mistura de palavras sem sentido, o que é comum em e-mails de spam. Além disso, não há nenhuma indicação de que seja uma comunicação legítima ou relacionada a software.",14.6
20052,spam,spam,"O e-mail contém um assunto que não é específico e parece ser uma mistura de palavras sem sentido. Além disso, o corpo do e-mail é composto por uma série de frases sem coerência, o que sugere que pode ser um e-mail de spam ou phishing. No entanto, não há sinais concretos de tentativa de engano ou roubo de dados, apenas uma linguagem confusa e sem sentido. Portanto, a classificação é: spam.",21.7
25953,spam,spam,"A mensagem é uma oferta de viagens, mas não há tentativa de enganar a vítima para obter credenciais ou dados pessoais. A mensagem é clara e não contém ameaças ou urgências.",19.1
31816,spam,spam,não há indicação de que a empresa tenha sido contatada anteriormente ou que haja alguma relação prévia,18.3
16663,spam,phishing,"O conteúdo do e-mail é inapropriado e explícito, e a oferta parece ser uma tentativa de atrair a vítima com conteúdo ilegal.",16.9
6055,spam,phishing,"A oferta de empréstimo é feita de forma direta e sem personalização, e o link para o formulário de aplicação é fornecido de forma explícita. Além disso, a lista de opções de empréstimo é extensa e inclui opções que não são comuns, como 'não verificação de renda'. Isso sugere que a intenção é enganar a vítima para obter credenciais ou dados financeiros.",30.1
908,spam,spam,"não há tentativa de enganar a vítima para obter credenciais, dados pessoais ou dinheiro",13.1
20272,spam,spam,não há informações claras sobre o que se espera da vítima,13.4
14316,spam,spam,"O e-mail contém uma oferta de medicamento com preço muito baixo e sem indicação de que foi solicitado. Além disso, há links suspeitos que podem levar a sites maliciosos. Portanto, classifico como spam.",21.6
1764,spam,spam,spam,8.4
